time_str,lon_deg,lat_deg,lon_rate_dps,lat_rate_dps,speed_ms
2001-09-11 08:00:00,122.10000000,37.50000000,-0.001333,-0.001583,211.634874
2001-09-11 08:00:30,122.06001891,37.45252245,-0.001333,-0.001583,211.676387
2001-09-11 08:01:00,122.02003781,37.40504491,-0.001333,-0.001583,211.717874
2001-09-11 08:01:30,121.98005672,37.35756736,-0.001333,-0.001583,211.759334
2001-09-11 08:02:00,121.94007563,37.31008981,-0.001333,-0.001583,211.800768
2001-09-11 08:02:30,121.90009454,37.26261226,-0.001333,-0.001583,211.842174
2001-09-11 08:03:00,121.86011344,37.21513472,-0.001333,-0.001583,211.883553
2001-09-11 08:03:30,121.82013235,37.16765717,-0.001333,-0.001583,211.924905
2001-09-11 08:04:00,121.78015126,37.12017962,-0.001333,-0.001583,211.966229
2001-09-11 08:04:30,121.74017017,37.07270207,-0.001333,-0.001583,212.007527
2001-09-11 08:05:00,121.70018907,37.02522453,-0.001333,-0.001583,212.048797
2001-09-11 08:05:30,121.66020798,36.97774698,-0.001333,-0.001583,212.090039
2001-09-11 08:06:00,121.62022689,36.93026943,-0.001333,-0.001583,212.131253
2001-09-11 08:06:30,121.58024580,36.88279188,-0.001333,-0.001583,212.172440
2001-09-11 08:07:00,121.54026470,36.83531434,-0.001333,-0.001583,212.213599
2001-09-11 08:07:30,121.50028361,36.78783679,-0.001333,-0.001583,212.254730
2001-09-11 08:08:00,121.46030252,36.74035924,-0.001333,-0.001583,212.295833
2001-09-11 08:08:30,121.42032143,36.69288169,-0.001333,-0.001583,212.336908
2001-09-11 08:09:00,121.38034033,36.64540415,-0.001333,-0.001583,212.377955
2001-09-11 08:09:30,121.34035924,36.59792660,-0.001333,-0.001583,212.418973
2001-09-11 08:10:00,121.30037815,36.55044905,-0.001333,-0.001583,212.459963
2001-09-11 08:10:30,121.26039706,36.50297150,-0.001333,-0.001583,212.500924
2001-09-11 08:11:00,121.22041596,36.45549396,-0.001333,-0.001583,212.541856
2001-09-11 08:11:30,121.18043487,36.40801641,-0.001333,-0.001583,212.582760
2001-09-11 08:12:00,121.14045378,36.36053886,-0.001333,-0.001583,212.623635
2001-09-11 08:12:30,121.10047269,36.31306131,-0.001333,-0.001583,212.664482
2001-09-11 08:13:00,121.06049159,36.26558377,-0.001333,-0.001583,212.705299
2001-09-11 08:13:30,121.02051050,36.21810622,-0.001333,-0.001583,212.746087
2001-09-11 08:14:00,120.98052941,36.17062867,-0.001333,-0.001583,212.786846
2001-09-11 08:14:30,120.94054831,36.12315112,-0.001333,-0.001583,212.827575
2001-09-11 08:15:00,120.90056722,36.07567358,-0.001333,-0.001583,212.868275
2001-09-11 08:15:30,120.86058613,36.02819603,-0.001333,-0.001583,212.908946
2001-09-11 08:16:00,120.82060504,35.98071848,-0.001333,-0.001583,212.949587
2001-09-11 08:16:30,120.78062394,35.93324093,-0.001333,-0.001583,212.990199
2001-09-11 08:17:00,120.74064285,35.88576339,-0.001333,-0.001583,213.030780
2001-09-11 08:17:30,120.70066176,35.83828584,-0.001333,-0.001583,213.071332
2001-09-11 08:18:00,120.66068067,35.79080829,-0.001333,-0.001583,213.111854
2001-09-11 08:18:30,120.62069957,35.74333074,-0.001333,-0.001583,213.152345
2001-09-11 08:19:00,120.58071848,35.69585320,-0.001333,-0.001583,213.192807
2001-09-11 08:19:30,120.54073739,35.64837565,-0.001333,-0.001583,213.233238
2001-09-11 08:20:00,120.50075630,35.60089810,-0.001333,-0.001583,213.273639
2001-09-11 08:20:30,120.46077520,35.55342055,-0.001333,-0.001583,213.314010
2001-09-11 08:21:00,120.42079411,35.50594301,-0.001333,-0.001583,213.354350
2001-09-11 08:21:30,120.38081302,35.45846546,-0.001333,-0.001583,213.394660
2001-09-11 08:22:00,120.34083193,35.41098791,-0.001333,-0.001583,213.434938
2001-09-11 08:22:30,120.30085083,35.36351036,-0.001333,-0.001583,213.475186
2001-09-11 08:23:00,120.26086974,35.31603282,-0.001333,-0.001583,213.515403
2001-09-11 08:23:30,120.22088865,35.26855527,-0.001333,-0.001583,213.555589
2001-09-11 08:24:00,120.18090756,35.22107772,-0.001333,-0.001583,213.595744
2001-09-11 08:24:30,120.14092646,35.17360017,-0.001333,-0.001583,213.635868
2001-09-11 08:25:00,120.10094537,35.12612263,-0.001333,-0.001583,213.675961
2001-09-11 08:25:30,120.06096428,35.07864508,-0.001333,-0.001583,213.716022
2001-09-11 08:26:00,120.02098319,35.03116753,-0.001333,-0.001583,213.756052
2001-09-11 08:26:30,119.98100209,34.98368998,-0.001333,-0.001583,213.796050
2001-09-11 08:27:00,119.94102100,34.93621244,-0.001333,-0.001583,213.836016
2001-09-11 08:27:30,119.90103991,34.88873489,-0.001333,-0.001583,213.875951
2001-09-11 08:28:00,119.86105881,34.84125734,-0.001333,-0.001583,213.915854
2001-09-11 08:28:30,119.82107772,34.79377980,-0.001333,-0.001583,213.955725
2001-09-11 08:29:00,119.78109663,34.74630225,-0.001333,-0.001583,213.995564
2001-09-11 08:29:30,119.74111554,34.69882470,-0.001333,-0.001583,214.035371
2001-09-11 08:30:00,119.70113444,34.65134715,-0.001333,-0.001583,214.075146
2001-09-11 08:30:30,119.66115335,34.60386961,-0.001333,-0.001583,214.114888
2001-09-11 08:31:00,119.62117226,34.55639206,-0.001333,-0.001583,214.154599
2001-09-11 08:31:30,119.58119117,34.50891451,-0.001333,-0.001583,214.194276
2001-09-11 08:32:00,119.54121007,34.46143696,-0.001333,-0.001583,214.233921
2001-09-11 08:32:30,119.50122898,34.41395942,-0.001333,-0.001583,214.273534
2001-09-11 08:33:00,119.46124789,34.36648187,-0.001333,-0.001583,214.313114
2001-09-11 08:33:30,119.42126680,34.31900432,-0.001333,-0.001583,214.352660
2001-09-11 08:34:00,119.38128570,34.27152677,-0.001333,-0.001583,214.392174
2001-09-11 08:34:30,119.34130461,34.22404923,-0.001333,-0.001583,214.431655
2001-09-11 08:35:00,119.30132352,34.17657168,-0.001333,-0.001583,214.471103
2001-09-11 08:35:30,119.26134243,34.12909413,-0.001333,-0.001583,214.510518
2001-09-11 08:36:00,119.22136133,34.08161658,-0.001333,-0.001583,214.549900
2001-09-11 08:36:30,119.18138024,34.03413904,-0.001333,-0.001583,214.589248
2001-09-11 08:37:00,119.14139915,33.98666149,-0.001333,-0.001583,214.628562
2001-09-11 08:37:30,119.10141806,33.93918394,-0.001333,-0.001583,214.667843
2001-09-11 08:38:00,119.06143696,33.89170639,-0.001333,-0.001583,214.707091
2001-09-11 08:38:30,119.02145587,33.84422885,-0.001333,-0.001583,214.746304
2001-09-11 08:39:00,118.98147478,33.79675130,-0.001333,-0.001583,214.785484
2001-09-11 08:39:30,118.94149369,33.74927375,-0.001333,-0.001583,214.824630
2001-09-11 08:40:00,118.90151259,33.70179620,-0.001333,-0.001583,214.863742
2001-09-11 08:40:30,118.86153150,33.65431866,-0.001333,-0.001583,214.902820
2001-09-11 08:41:00,118.82155041,33.60684111,-0.001333,-0.001583,214.941864
2001-09-11 08:41:30,118.78156931,33.55936356,-0.001333,-0.001583,214.980874
2001-09-11 08:42:00,118.74158822,33.51188601,-0.001333,-0.001583,215.019849
2001-09-11 08:42:30,118.70160713,33.46440847,-0.001333,-0.001583,215.058790
2001-09-11 08:43:00,118.66162604,33.41693092,-0.001333,-0.001583,215.097696
2001-09-11 08:43:30,118.62164494,33.36945337,-0.001333,-0.001583,215.136567
2001-09-11 08:44:00,118.58166385,33.32197582,-0.001333,-0.001583,215.175404
2001-09-11 08:44:30,118.54168276,33.27449828,-0.001333,-0.001583,215.214206
2001-09-11 08:45:00,118.50170167,33.22702073,-0.001333,-0.001583,215.252974
2001-09-11 08:45:30,118.46172057,33.17954318,-0.001333,-0.001583,215.291706
2001-09-11 08:46:00,118.42173948,33.13206563,-0.001333,-0.001583,215.330403
2001-09-11 08:46:30,118.38175839,33.08458809,-0.001333,-0.001583,215.369065
2001-09-11 08:47:00,118.34177730,33.03711054,-0.001333,-0.001583,215.407692
2001-09-11 08:47:30,118.30179620,32.98963299,-0.001333,-0.001583,215.446284
2001-09-11 08:48:00,118.26181511,32.94215544,-0.001333,-0.001583,215.484840
2001-09-11 08:48:30,118.22183402,32.89467790,-0.001333,-0.001583,215.523361
2001-09-11 08:49:00,118.18185293,32.84720035,-0.001333,-0.001583,215.561846
2001-09-11 08:49:30,118.14187183,32.79972280,-0.001333,-0.001583,215.600295
2001-09-11 08:50:00,118.10189074,32.75224525,-0.001333,-0.001583,215.638709
2001-09-11 08:50:30,118.06190965,32.70476771,-0.001333,-0.001583,215.677087
2001-09-11 08:51:00,118.02192856,32.65729016,-0.001333,-0.001583,215.715429
2001-09-11 08:51:30,117.98194746,32.60981261,-0.001333,-0.001583,215.753735
2001-09-11 08:52:00,117.94196637,32.56233506,-0.001333,-0.001583,215.792005
2001-09-11 08:52:30,117.90198528,32.51485752,-0.001333,-0.001583,215.830239
2001-09-11 08:53:00,117.86200418,32.46737997,-0.001333,-0.001583,215.868436
2001-09-11 08:53:30,117.82202309,32.41990242,-0.001333,-0.001583,215.906597
2001-09-11 08:54:00,117.78204200,32.37242487,-0.001333,-0.001583,215.944722
2001-09-11 08:54:30,117.74206091,32.32494733,-0.001333,-0.001583,215.982810
2001-09-11 08:55:00,117.70207981,32.27746978,-0.001333,-0.001583,216.020862
2001-09-11 08:55:30,117.66209872,32.22999223,-0.001333,-0.001583,216.058876
2001-09-11 08:56:00,117.62211763,32.18251468,-0.001333,-0.001583,216.096855
2001-09-11 08:56:30,117.58213654,32.13503714,-0.001333,-0.001583,216.134796
2001-09-11 08:57:00,117.54215544,32.08755959,-0.001333,-0.001583,216.172700
2001-09-11 08:57:30,117.50217435,32.04008204,-0.001333,-0.001583,216.210567
2001-09-11 08:58:00,117.46219326,31.99260450,-0.001333,-0.001583,216.248398
2001-09-11 08:58:30,117.42221217,31.94512695,-0.001333,-0.001583,216.286191
2001-09-11 08:59:00,117.38223107,31.89764940,-0.001333,-0.001583,216.323946
2001-09-11 08:59:30,117.34224998,31.85017185,-0.001333,-0.001583,216.361665
2001-09-11 09:00:00,117.30226889,31.80269431,-0.001333,-0.001583,216.399346
2001-09-11 09:00:30,117.35348063,31.77198634,0.001890,-0.000990,209.850149
2001-09-11 09:01:00,117.41017883,31.74228728,0.001890,-0.000990,209.898962
2001-09-11 09:01:30,117.46687703,31.71258822,0.001890,-0.000990,209.947739
2001-09-11 09:02:00,117.52357523,31.68288916,0.001890,-0.000990,209.996480
2001-09-11 09:02:30,117.58027343,31.65319011,0.001890,-0.000990,210.045184
2001-09-11 09:03:00,117.63697163,31.62349105,0.001890,-0.000990,210.093851
2001-09-11 09:03:30,117.69366983,31.59379199,0.001890,-0.000990,210.142481
2001-09-11 09:04:00,117.75036803,31.56409294,0.001890,-0.000990,210.191075
2001-09-11 09:04:30,117.80706623,31.53439388,0.001890,-0.000990,210.239632
2001-09-11 09:05:00,117.86376443,31.50469482,0.001890,-0.000990,210.288152
2001-09-11 09:05:30,117.92046263,31.47499577,0.001890,-0.000990,210.336636
2001-09-11 09:06:00,117.97716083,31.44529671,0.001890,-0.000990,210.385082
2001-09-11 09:06:30,118.03385903,31.41559765,0.001890,-0.000990,210.433492
2001-09-11 09:07:00,118.09055723,31.38589859,0.001890,-0.000990,210.481865
2001-09-11 09:07:30,118.14725543,31.35619954,0.001890,-0.000990,210.530201
2001-09-11 09:08:00,118.20395363,31.32650048,0.001890,-0.000990,210.578500
2001-09-11 09:08:30,118.26065183,31.29680142,0.001890,-0.000990,210.626762
2001-09-11 09:09:00,118.31735003,31.26710237,0.001890,-0.000990,210.674987
2001-09-11 09:09:30,118.37404823,31.23740331,0.001890,-0.000990,210.723175
2001-09-11 09:10:00,118.43074643,31.20770425,0.001890,-0.000990,210.771327
2001-09-11 09:10:30,118.48744463,31.17800519,0.001890,-0.000990,210.819441
2001-09-11 09:11:00,118.54414283,31.14830614,0.001890,-0.000990,210.867517
2001-09-11 09:11:30,118.60084103,31.11860708,0.001890,-0.000990,210.915557
2001-09-11 09:12:00,118.65753923,31.08890802,0.001890,-0.000990,210.963560
2001-09-11 09:12:30,118.71423743,31.05920897,0.001890,-0.000990,211.011526
2001-09-11 09:13:00,118.77093563,31.02950991,0.001890,-0.000990,211.059454
2001-09-11 09:13:30,118.82763383,30.99981085,0.001890,-0.000990,211.107345
2001-09-11 09:14:00,118.88433203,30.97011179,0.001890,-0.000990,211.155199
2001-09-11 09:14:30,118.94103023,30.94041274,0.001890,-0.000990,211.203015
2001-09-11 09:15:00,118.99772843,30.91071368,0.001890,-0.000990,211.250795
2001-09-11 09:15:30,119.05442663,30.88101462,0.001890,-0.000990,211.298537
2001-09-11 09:16:00,119.11112483,30.85131557,0.001890,-0.000990,211.346241
2001-09-11 09:16:30,119.16782303,30.82161651,0.001890,-0.000990,211.393909
2001-09-11 09:17:00,119.22452123,30.79191745,0.001890,-0.000990,211.441538
2001-09-11 09:17:30,119.28121943,30.76221840,0.001890,-0.000990,211.489131
2001-09-11 09:18:00,119.33791763,30.73251934,0.001890,-0.000990,211.536686
2001-09-11 09:18:30,119.39461583,30.70282028,0.001890,-0.000990,211.584203
2001-09-11 09:19:00,119.45131403,30.67312122,0.001890,-0.000990,211.631683
2001-09-11 09:19:30,119.50801223,30.64342217,0.001890,-0.000990,211.679126
2001-09-11 09:20:00,119.56471043,30.61372311,0.001890,-0.000990,211.726531
2001-09-11 09:20:30,119.62140863,30.58402405,0.001890,-0.000990,211.773898
2001-09-11 09:21:00,119.67810683,30.55432500,0.001890,-0.000990,211.821228
2001-09-11 09:21:30,119.73480503,30.52462594,0.001890,-0.000990,211.868520
2001-09-11 09:22:00,119.79150323,30.49492688,0.001890,-0.000990,211.915774
2001-09-11 09:22:30,119.84820143,30.46522782,0.001890,-0.000990,211.962991
2001-09-11 09:23:00,119.90489963,30.43552877,0.001890,-0.000990,212.010170
2001-09-11 09:23:30,119.96159783,30.40582971,0.001890,-0.000990,212.057311
2001-09-11 09:24:00,120.01829603,30.37613065,0.001890,-0.000990,212.104415
2001-09-11 09:24:30,120.07499423,30.34643160,0.001890,-0.000990,212.151481
2001-09-11 09:25:00,120.13169243,30.31673254,0.001890,-0.000990,212.198509
2001-09-11 09:25:30,120.18839063,30.28703348,0.001890,-0.000990,212.245499
2001-09-11 09:26:00,120.24508882,30.25733443,0.001890,-0.000990,212.292451
2001-09-11 09:26:30,120.30178702,30.22763537,0.001890,-0.000990,212.339365
2001-09-11 09:27:00,120.35848522,30.19793631,0.001890,-0.000990,212.386242
2001-09-11 09:27:30,120.41518342,30.16823725,0.001890,-0.000990,212.433080
2001-09-11 09:28:00,120.47188162,30.13853820,0.001890,-0.000990,212.479881
2001-09-11 09:28:30,120.52857982,30.10883914,0.001890,-0.000990,212.526643
2001-09-11 09:29:00,120.58527802,30.07914008,0.001890,-0.000990,212.573368
2001-09-11 09:29:30,120.64197622,30.04944103,0.001890,-0.000990,212.620054
2001-09-11 09:30:00,120.69867442,30.01974197,0.001890,-0.000990,212.666703
2001-09-11 09:30:30,120.75537262,29.99004291,0.001890,-0.000990,212.713313
2001-09-11 09:31:00,120.81207082,29.96034385,0.001890,-0.000990,212.759885
2001-09-11 09:31:30,120.86876902,29.93064480,0.001890,-0.000990,212.806420
2001-09-11 09:32:00,120.92546722,29.90094574,0.001890,-0.000990,212.852915
2001-09-11 09:32:30,120.98216542,29.87124668,0.001890,-0.000990,212.899373
2001-09-11 09:33:00,121.03886362,29.84154763,0.001890,-0.000990,212.945793
2001-09-11 09:33:30,121.09556182,29.81184857,0.001890,-0.000990,212.992174
2001-09-11 09:34:00,121.15226002,29.78214951,0.001890,-0.000990,213.038517
2001-09-11 09:34:30,121.20895822,29.75245045,0.001890,-0.000990,213.084822
2001-09-11 09:35:00,121.26565642,29.72275140,0.001890,-0.000990,213.131088
2001-09-11 09:35:30,121.32235462,29.69305234,0.001890,-0.000990,213.177316
2001-09-11 09:36:00,121.37905282,29.66335328,0.001890,-0.000990,213.223506
2001-09-11 09:36:30,121.43575102,29.63365423,0.001890,-0.000990,213.269657
2001-09-11 09:37:00,121.49244922,29.60395517,0.001890,-0.000990,213.315770
2001-09-11 09:37:30,121.54914742,29.57425611,0.001890,-0.000990,213.361845
2001-09-11 09:38:00,121.60584562,29.54455706,0.001890,-0.000990,213.407881
2001-09-11 09:38:30,121.66254382,29.51485800,0.001890,-0.000990,213.453878
2001-09-11 09:39:00,121.71924202,29.48515894,0.001890,-0.000990,213.499837
2001-09-11 09:39:30,121.77594022,29.45545988,0.001890,-0.000990,213.545758
2001-09-11 09:40:00,121.83263842,29.42576083,0.001890,-0.000990,213.591640
2001-09-11 09:40:30,121.88933662,29.39606177,0.001890,-0.000990,213.637483
2001-09-11 09:41:00,121.94603482,29.36636271,0.001890,-0.000990,213.683288
2001-09-11 09:41:30,122.00273302,29.33666366,0.001890,-0.000990,213.729054
2001-09-11 09:42:00,122.05943122,29.30696460,0.001890,-0.000990,213.774781
2001-09-11 09:42:30,122.11612942,29.27726554,0.001890,-0.000990,213.820470
2001-09-11 09:43:00,122.17282762,29.24756648,0.001890,-0.000990,213.866120
2001-09-11 09:43:30,122.22952582,29.21786743,0.001890,-0.000990,213.911732
2001-09-11 09:44:00,122.28622402,29.18816837,0.001890,-0.000990,213.957304
2001-09-11 09:44:30,122.34292222,29.15846931,0.001890,-0.000990,214.002838
2001-09-11 09:45:00,122.39962042,29.12877026,0.001890,-0.000990,214.048333
2001-09-11 09:45:30,122.45631862,29.09907120,0.001890,-0.000990,214.093789
2001-09-11 09:46:00,122.51301682,29.06937214,0.001890,-0.000990,214.139207
2001-09-11 09:46:30,122.56971502,29.03967308,0.001890,-0.000990,214.184585
2001-09-11 09:47:00,122.62641322,29.00997403,0.001890,-0.000990,214.229925
2001-09-11 09:47:30,122.68311142,28.98027497,0.001890,-0.000990,214.275225
2001-09-11 09:48:00,122.73980962,28.95057591,0.001890,-0.000990,214.320487
2001-09-11 09:48:30,122.79650782,28.92087686,0.001890,-0.000990,214.365710
2001-09-11 09:49:00,122.85320602,28.89117780,0.001890,-0.000990,214.410893
2001-09-11 09:49:30,122.90990422,28.86147874,0.001890,-0.000990,214.456038
2001-09-11 09:50:00,122.96660242,28.83177969,0.001890,-0.000990,214.501144
2001-09-11 09:50:30,123.02330062,28.80208063,0.001890,-0.000990,214.546210
2001-09-11 09:51:00,123.07999882,28.77238157,0.001890,-0.000990,214.591238
2001-09-11 09:51:30,123.13669702,28.74268251,0.001890,-0.000990,214.636226
2001-09-11 09:52:00,123.19339522,28.71298346,0.001890,-0.000990,214.681175
2001-09-11 09:52:30,123.25009342,28.68328440,0.001890,-0.000990,214.726085
2001-09-11 09:53:00,123.30679162,28.65358534,0.001890,-0.000990,214.770956
2001-09-11 09:53:30,123.36348982,28.62388629,0.001890,-0.000990,214.815788
2001-09-11 09:54:00,123.42018802,28.59418723,0.001890,-0.000990,214.860580
2001-09-11 09:54:30,123.47688622,28.56448817,0.001890,-0.000990,214.905334
2001-09-11 09:55:00,123.53358442,28.53478911,0.001890,-0.000990,214.950048
2001-09-11 09:55:30,123.59028262,28.50509006,0.001890,-0.000990,214.994722
2001-09-11 09:56:00,123.64698082,28.47539100,0.001890,-0.000990,215.039358
2001-09-11 09:56:30,123.70367902,28.44569194,0.001890,-0.000990,215.083953
2001-09-11 09:57:00,123.76037722,28.41599289,0.001890,-0.000990,215.128510
2001-09-11 09:57:30,123.81707542,28.38629383,0.001890,-0.000990,215.173027
2001-09-11 09:58:00,123.87377362,28.35659477,0.001890,-0.000990,215.217505
2001-09-11 09:58:30,123.93047182,28.32689572,0.001890,-0.000990,215.261943
2001-09-11 09:59:00,123.98717002,28.29719666,0.001890,-0.000990,215.306342
2001-09-11 09:59:30,124.04386822,28.26749760,0.001890,-0.000990,215.350701
2001-09-11 10:00:00,124.10056642,28.23779854,0.001890,-0.000990,215.395021
2001-09-11 10:00:30,124.15726462,28.20809949,0.001890,-0.000990,215.439302
2001-09-11 10:01:00,124.21396282,28.17840043,0.001890,-0.000990,215.483542
2001-09-11 10:01:30,124.27066102,28.14870137,0.001890,-0.000990,215.527743
2001-09-11 10:02:00,124.32735922,28.11900232,0.001890,-0.000990,215.571905
2001-09-11 10:02:30,124.38405742,28.08930326,0.001890,-0.000990,215.616027
2001-09-11 10:03:00,124.44075562,28.05960420,0.001890,-0.000990,215.660109
2001-09-11 10:03:30,124.49745382,28.02990514,0.001890,-0.000990,215.704152
2001-09-11 10:04:00,124.55415202,28.00020609,0.001890,-0.000990,215.748155
2001-09-11 10:04:30,124.61085022,27.97050703,0.001890,-0.000990,215.792118
2001-09-11 10:05:00,124.66754841,27.94080797,0.001890,-0.000990,215.836041
2001-09-11 10:05:30,124.72424661,27.91110892,0.001890,-0.000990,215.879925
2001-09-11 10:06:00,124.78094481,27.88140986,0.001890,-0.000990,215.923769
2001-09-11 10:06:30,124.83764301,27.85171080,0.001890,-0.000990,215.967573
2001-09-11 10:07:00,124.89434121,27.82201174,0.001890,-0.000990,216.011337
2001-09-11 10:07:30,124.95103941,27.79231269,0.001890,-0.000990,216.055062
2001-09-11 10:08:00,125.00773761,27.76261363,0.001890,-0.000990,216.098746
2001-09-11 10:08:30,125.06443581,27.73291457,0.001890,-0.000990,216.142391
2001-09-11 10:09:00,125.12113401,27.70321552,0.001890,-0.000990,216.185995
2001-09-11 10:09:30,125.17783221,27.67351646,0.001890,-0.000990,216.229560
2001-09-11 10:10:00,125.23453041,27.64381740,0.001890,-0.000990,216.273085
2001-09-11 10:10:30,125.29122861,27.61411835,0.001890,-0.000990,216.316569
2001-09-11 10:11:00,125.34792681,27.58441929,0.001890,-0.000990,216.360014
2001-09-11 10:11:30,125.40462501,27.55472023,0.001890,-0.000990,216.403419
2001-09-11 10:12:00,125.46132321,27.52502117,0.001890,-0.000990,216.446783
2001-09-11 10:12:30,125.51802141,27.49532212,0.001890,-0.000990,216.490108
2001-09-11 10:13:00,125.57471961,27.46562306,0.001890,-0.000990,216.533392
2001-09-11 10:13:30,125.63141781,27.43592400,0.001890,-0.000990,216.576637
2001-09-11 10:14:00,125.68811601,27.40622495,0.001890,-0.000990,216.619841
2001-09-11 10:14:30,125.74481421,27.37652589,0.001890,-0.000990,216.663005
2001-09-11 10:15:00,125.80151241,27.34682683,0.001890,-0.000990,216.706129
2001-09-11 10:15:30,125.85821061,27.31712777,0.001890,-0.000990,216.749212
2001-09-11 10:16:00,125.91490881,27.28742872,0.001890,-0.000990,216.792255
2001-09-11 10:16:30,125.97160701,27.25772966,0.001890,-0.000990,216.835258
2001-09-11 10:17:00,126.02830521,27.22803060,0.001890,-0.000990,216.878221
2001-09-11 10:17:30,126.08500341,27.19833155,0.001890,-0.000990,216.921144
2001-09-11 10:18:00,126.14170161,27.16863249,0.001890,-0.000990,216.964026
2001-09-11 10:18:30,126.19839981,27.13893343,0.001890,-0.000990,217.006867
2001-09-11 10:19:00,126.25509801,27.10923438,0.001890,-0.000990,217.049669
2001-09-11 10:19:30,126.31179621,27.07953532,0.001890,-0.000990,217.092430
2001-09-11 10:20:00,126.36849441,27.04983626,0.001890,-0.000990,217.135150
2001-09-11 10:20:30,126.42519261,27.02013720,0.001890,-0.000990,217.177831
2001-09-11 10:21:00,126.48189081,26.99043815,0.001890,-0.000990,217.220470
2001-09-11 10:21:30,126.53858901,26.96073909,0.001890,-0.000990,217.263069
2001-09-11 10:22:00,126.59528721,26.93104003,0.001890,-0.000990,217.305628
2001-09-11 10:22:30,126.65198541,26.90134098,0.001890,-0.000990,217.348146
2001-09-11 10:23:00,126.70868361,26.87164192,0.001890,-0.000990,217.390624
2001-09-11 10:23:30,126.76538181,26.84194286,0.001890,-0.000990,217.433061
2001-09-11 10:24:00,126.82208001,26.81224380,0.001890,-0.000990,217.475457
2001-09-11 10:24:30,126.87877821,26.78254475,0.001890,-0.000990,217.517813
2001-09-11 10:25:00,126.93547641,26.75284569,0.001890,-0.000990,217.560128
2001-09-11 10:25:30,126.99217461,26.72314663,0.001890,-0.000990,217.602403
2001-09-11 10:26:00,127.04887281,26.69344758,0.001890,-0.000990,217.644636
2001-09-11 10:26:30,127.10557101,26.66374852,0.001890,-0.000990,217.686830
2001-09-11 10:27:00,127.16226921,26.63404946,0.001890,-0.000990,217.728982
2001-09-11 10:27:30,127.21896741,26.60435040,0.001890,-0.000990,217.771094
2001-09-11 10:28:00,127.27566561,26.57465135,0.001890,-0.000990,217.813164
2001-09-11 10:28:30,127.33236381,26.54495229,0.001890,-0.000990,217.855195
2001-09-11 10:29:00,127.38906201,26.51525323,0.001890,-0.000990,217.897184
2001-09-11 10:29:30,127.44576021,26.48555418,0.001890,-0.000990,217.939132
2001-09-11 10:30:00,127.50245841,26.45585512,0.001890,-0.000990,217.981040
2001-09-11 10:30:30,127.55915661,26.42615606,0.001890,-0.000990,218.022907
2001-09-11 10:31:00,127.61585481,26.39645701,0.001890,-0.000990,218.064732
2001-09-11 10:31:30,127.67255301,26.36675795,0.001890,-0.000990,218.106517
2001-09-11 10:32:00,127.72925121,26.33705889,0.001890,-0.000990,218.148261
2001-09-11 10:32:30,127.78594941,26.30735983,0.001890,-0.000990,218.189964
